GRE Score,TOEFL Score,University Rating,SOP,LOR ,CGPA,Research,predicao
212,118,4,4.5,4.5,7.65,1,0.14549204494765827
324,58,4,4.0,4.5,2.87,1,0.6095495284862378
200,104,3,3.0,3.5,8.0,1,0.1602860362050728
