PROJETO,CLONE,Idade,Hdom,AreaBasal,predicao
1,2,21.5,8.8,4.2,593.0424660378408
2,1,22.9,14.1,5.6,599.7711070550707
0,0,59.4,22.3,13.0,670.1569781480548
