PROJETO,CLONE,Idade,Hdom,AreaBasal,predicao
1,2,21.5,8.8,4.2,357.16752739316615
2,1,22.9,14.1,5.6,357.16752739316615
0,0,59.4,22.3,13.0,357.16752739316615
