PROJETO,CLONE,Idade,Hdom,AreaBasal,predicao
1,2,21.5,8.8,4.2,638.5254095104838
2,1,22.9,14.1,5.6,680.0121217300402
0,0,59.4,22.3,13.0,616.2634877688129
