PROJETO,CLONE,Idade,Hdom,AreaBasal,predicao
1,2,21.5,8.8,4.2,510.75216666666665
2,1,22.9,14.1,5.6,510.75216666666665
0,0,59.4,22.3,13.0,759.0095833333334
