dap,h,Me,predicao
6.4,7.0,1.04,11.404
7.3,10.0,1.04,13.840000000000003
7.8,5.5,1.04,16.4445
12.2,7.5,1.04,76.81899999999999
