dap,h,Me,predicao
6.4,7.0,1.04,29.27966396818124
7.3,10.0,1.04,63.124699773428645
7.8,5.5,1.04,18.11573998327976
12.2,7.5,1.04,58.034691791750305
