dap,h,Me,predicao
6.4,7.0,1.04,74.46705485077686
7.3,10.0,1.04,81.03534439882928
7.8,5.5,1.04,71.97769943869805
12.2,7.5,1.04,77.80255496997754
