dap,h,Me,predicao
6.4,7.0,1.04,121.38402700127058
7.3,10.0,1.04,131.98665734584063
7.8,5.5,1.04,115.10628759896683
12.2,7.5,1.04,128.59532645422138
