dap,h,Me,predicao
6.4,7.0,1.04,146.70433805878665
7.3,10.0,1.04,146.71507681495834
7.8,5.5,1.04,146.69869409605212
12.2,7.5,1.04,146.7106575061586
