dap,h,Me,predicao
6.4,7.0,1.04,-17.332286281559085
7.3,10.0,1.04,-37.44099016915349
7.8,5.5,1.04,15.595502318401907
12.2,7.5,1.04,48.90528428885303
