dap,h,Me,predicao
6.4,7.0,1.04,78.40797440311043
7.3,10.0,1.04,78.40861556812409
7.8,5.5,1.04,78.40793542985566
12.2,7.5,1.04,78.40894131382395
