dap,h,Me,predicao
6.4,7.0,1.04,-17.46451823034743
7.3,10.0,1.04,-37.542458370300146
7.8,5.5,1.04,15.408679988615582
12.2,7.5,1.04,48.7715515582973
