dap,h,Me,predicao
6.4,7.0,1.04,312.7477699575568
7.3,10.0,1.04,326.5859123497297
7.8,5.5,1.04,308.15821537168966
12.2,7.5,1.04,322.1685966703456
