dap,h,Me,predicao
6.4,7.0,1.04,-14.973587624899206
7.3,10.0,1.04,-30.88368122236002
7.8,5.5,1.04,20.686229574011723
12.2,7.5,1.04,68.27722741098273
